key,rm_score
0034038acc658ad7b484a69209f6d993,-0.20156896114349365
00449f9991ec147f58be2278b8b0ced8,4.756442546844482
0054d92e2b131b13ac6b782d7deaa724,-0.8713839054107666
0080b6c4853ca6101dfdde975abeb41d,3.226625919342041
00ba35217f70c6f289a69bbb37cdb1ec,1.5876787900924683
00c5326120068b2e67f3cb98218bf335,2.7133803367614746
00d19831aad950baa647c2fa79e59734,1.1238272190093994
00e43fb660c36dafda4d7e48570d20bf,0.8251750469207764
0115f007e329d01245d5a72d278f40cb,3.975477695465088
01195348c86c97b6987a569e2b3064d2,1.5312694311141968
0120d5124ee9b6f67c004af15e421b7b,1.6981127262115479
0123bb8fdd9a38c7fbbec5528a05b6bc,1.1508357524871826
012e750c571a2b49d2818804c47c1962,2.9589529037475586
01359d151651cd4f405593ca9b046341,2.1478705406188965
0137c2c97f752f6cd6b5619841fbcd03,3.4336307048797607
016d50f470a607784e6bd31671c53141,4.156438827514648
017c34866b9677b1b3ce827b7cd04ba7,-2.0146422386169434
01889641468fcd33e52b7227e34d3f97,-0.2866417169570923
0188e785cdc0bac6d4d73639b1dd1dbe,0.41907739639282227
01892f47eed494dc0fb7618e9cd40b95,1.3438546657562256
018da55eabe6e0046adcc99d5d42b232,-0.6440412998199463
01ad080f6b26375f37a7db9a5c471112,0.6558425426483154
01cff1d94ba9c2a2b75b9518cfc63641,1.5390267372131348
01d1ad23b88049cff6124dbb67c67ff5,2.385068893432617
01d9699fdfec8753f8da607507c44540,-0.262692928314209
01e8faae94df864593c2f9862b3a4d1c,1.3498039245605469
01f3637121cb2f40fa66ffe8ceafdda7,6.04946231842041
020f8baefb3202adbabe474ca019e788,3.5624160766601562
0217fce22960658d46405a2b95d90406,1.4156460762023926
021ffccc098e3a740d0eae07b17fc61d,6.27736234664917
02231baafaf869e8e871adba1e643063,2.3974995613098145
02511b7be84344810b30bc8c1c93577d,-2.623037815093994
0271577a7c530798dd2f7ab357d5094c,2.9504189491271973
029cf4e5e1177bd9b55e40a4388d0b27,6.844025611877441
029d64111d7be480de66533944773db6,0.812971830368042
02b896ef3a8d0b4fa1a3e1df079e3d18,-1.1058275699615479
02c4cf00d1a6a9e2024a73bc708ed7f4,3.3628592491149902
02cca79c424b4393757d5708fa53b33c,2.3183281421661377
02d4a283c428284dd441f6684d4dff8a,1.060900330543518
02df74b6f8cd3cc0964d4cb60d2aae1e,0.9899091720581055
02e75b2ed05b5419e2267814a68d8703,1.7133041620254517
030525173a62c50863fc4ec99bbbe9fd,2.144711494445801
03197df231be12dbe0767673f41900a6,2.621802806854248
0343842a7281a3e1a0c6d235467bacc0,0.2575967311859131
034f1edae6f5eba065554c6d27b6ebf5,0.26239705085754395
035f20b85073e3cf0c6f09a0c8223879,2.692521572113037
03aa7494c15424ec7ea5e219ec4adfcc,2.7312710285186768
03b549b7eb129b40e1f12d56395e4c8a,3.189216136932373
03c874c1aeb7fb3fa12dfa6ee647c93e,3.1038198471069336
03cb253ac05865dadd3ae69e055e8dcc,-1.2145370244979858
03d922e4b6f6db82bf40c3d5d3685a4d,3.0956616401672363
03e097db40695ee026ef011d2ed50877,1.3643884658813477
0410872babfad9c489e9979149d1dd12,3.723728895187378
0445d7ef67194ce06e83555c45539eec,5.750188827514648
045f6c04e60302daa0c03b81d71c3866,-0.7628083229064941
047eb6506a5f4ca14c0bdee629bbfe6e,-0.06573772430419922
049602a246d131feabbe6b84cf89f6f6,0.27620887756347656
04a090ed9c8ec7bab8d54a3c6ab3732d,4.807089328765869
04abecb5246621187a6629e86aead1d1,0.14861083030700684
04ac996d05f16c8faaf80982567451d4,3.1037349700927734
04b54c8b05ede46f89d948ed71ecea18,7.318850517272949
04bc03a37d9ea8ef3323304d4cc658dc,0.10361027717590332
04bef5c7ce3aa1b278e050744769df1b,0.8647036552429199
04c51b30fbf632467e510954b90ded25,1.8409686088562012
04c9bcfb473d5e06bfc3e3d0f880b0be,3.2659144401550293
04e043cfc56542958194c8462b2cc202,3.938758134841919
050beff1e0640af1e7ed53a032b6daf2,0.0640103816986084
050c0ffda6744fba7054ce027d76d874,0.5272660255432129
0525ef3f638a572ce924c0ed4e0b5279,3.1788835525512695
05368498688a70d86c8dc60d59012832,1.6680469512939453
05435307797fc155e063f0e6a33cedcd,0.7961087226867676
0565413fbd4431a49d3ac4597414d0b9,5.318968296051025
056df695562ce820b75890624ad93bea,1.6367402076721191
058bf3e0d767eaf62963e732f1154033,0.8024642467498779
058de1f57924f820838c283e64e0da34,2.9901123046875
05e3e0778a00c487cbb2e1047516dc6f,-0.44524872303009033
05f95ff07c2b1f1686573db6607af57b,-0.7305073738098145
06052d47de129f33e96212aada06536e,3.3672242164611816
06128e1496a8b0c21a5d5abbd1a4328c,0.14274096488952637
0617f9c0b4e06256af25236e05561923,1.5577144622802734
06193092adf4ffeffaa30a32270e1885,0.6572668552398682
063be6c66023ce82c69635301720a1d8,2.447089910507202
0651aac87e53cbe41189769a3131c72a,3.23513126373291
065c8194667942a31b0e4a13695e5a3a,-0.20531129837036133
066eaa20531fc309b0dd70734dba9843,1.261598825454712
06a6622d632accbe53d9dcf50ba70f45,0.5513157844543457
06b0944be634db2e1bc63c2c6bceedca,2.2693686485290527
06d8ce45cf12d85bda1bce647b6d876a,2.5029053688049316
06e017d7ffdfd78b82d2e25954a7a441,1.2756998538970947
06f069bacd267417a051593c85e2cfd3,-2.4115540981292725
071c4dd97d282316ed295834210ea628,3.285733699798584
072fc032ed86673c961db3b1980c477f,-0.8339531421661377
073093da37ff5126c357785c18ecb2ad,2.8245224952697754
076a299fe28a11dec93b9f498c71712f,-0.45736145973205566
079d0faf33d128513955ae104abc87e5,5.021393299102783
07bcc721bc77aeca78409091ec0a2efd,2.406704902648926
07da47a29c8ce6518a6de9846a3a1422,1.0531182289123535
07e780cdb34df3a1eb8ec4fcaf0dcab6,-0.5735249519348145
08143842ee23a5f38bbdf3c9107eb2b8,3.2448229789733887
081f3572047e758d08aa8d9cabf316b4,1.0849628448486328
082edfc1fc6d1267ce5a93cccb05d7fa,2.8172121047973633
084223d4996e32da25f96414e52fed3c,0.48972129821777344
085270a21851b3d9c2fb536113278403,1.3053441047668457
0862b82de020e1519ae75760a371eb9c,1.9706767797470093
08660ccce0bb8c72eac47c5465aae990,0.9276657104492188
087eea312a7788d043d15be761c3ab6d,0.3713550567626953
089601ba74ef2ed7f9f2b69a46c0fef5,4.319820880889893
08dfb236f922810647db09e0bce53e9c,3.625596046447754
08f553a00dd743902fe02cb94b072b53,1.9199435710906982
091740fa81f041b91bf9c74dc40d59ee,4.046027660369873
0940c297e334427f7a85c9e5183c2b3d,3.908517360687256
09600e941dd403f728c4cc49fac11cb5,0.18221211433410645
096604a27244b3ac9b9782bbfc751b78,-0.1465916633605957
096b4e8b3e18e8bc23cb1b943e014ae6,-2.175933361053467
09919ccd1a726308a0332fd446f2006e,-0.7132165431976318
099a316c69bb4c7735dc29e7d16a0742,0.11010026931762695
09b055fa2e8b6893d08e4305feb33779,1.202768087387085
09b3f5b7acbc402622f307b71caecb80,2.5287787914276123
09d5577a21c1f50116649db871293ed2,0.8464953899383545
09d713e636d8fac23361e943552f62fa,-2.0479531288146973
09ed24cfc0451b297acee64807c9b12f,-0.339205265045166
09fcb1c63f89efd6d8facfc695abb58f,2.0552563667297363
0a4d5265a81a61241dcb15672af94db8,0.873971700668335
0a5787846233ae8b2c1a3510bb56a728,2.456756591796875
0a5a1845538cc9c0b07462329aa99cf3,1.588179349899292
0a9fd1edfe5a6c936a69f057e84ec0e6,1.7695409059524536
0aae6dbdfaf41d7044cd4017f0a018f9,3.142319679260254
0ab45f410f4ab3ea81b75f4d23cb9060,4.613946914672852
0aca669f74bf7428b67e6dd348ee21bd,-0.22245800495147705
0acef76fc0301b73f28596558e9acc77,-0.8985059261322021
0b218587e55768f57d11db6193dc4b46,-0.6811516284942627
0b56716fe021ba27cd9265ba951b1070,-0.34265995025634766
0ba0910c933e9b0d5a95021526c7c739,3.1532254219055176
0ba178453a2e1af03e388b233eb3cf62,0.2997140884399414
0bd0d84af5a5a53fc6cf6b35d8db26df,2.544891357421875
0be23161967d8aa00bc48726ef875ca1,1.673182725906372
0beac35df2edb7867cf01f1b386afdd8,1.0368095636367798
0c39bb34efa743130a67a1689c1b144c,3.1354165077209473
0c80d65dab23d98d2d72b3f6d4dcbb37,-1.0954296588897705
0c865e75aa1c6c571e30c13cb6cd7a33,-0.8502945899963379
0c9b5cf40db7391af01ab40375b17004,2.1105146408081055
0cc6ac5ea506dfbcbd451a96b5373aa5,-1.6144802570343018
0cccbc70d6640e691e52abb0b619cc81,5.026281356811523
0cd4c6c7807000135fc5c79b76e8a825,1.6719038486480713
0cdc703942c907a49b7b6176c5ab33d6,3.12498140335083
0cde895bc0526d3ae7dd2204c58401f4,3.43176007270813
0ced78eec9f61d7253a435d66211a1ca,4.022024154663086
0cf01f36b8b306121f0a1fb0306d484c,1.7026375532150269
0cf9ab1e3a97c2db0a6ee67c47a33a60,1.668112874031067
0cfbea61ee46cbe9d602bc73e00a5559,3.482349395751953
0d0785e11cffd0988146077b1c03c2f1,3.27103853225708
0d1ae2f16d2656ed6a62855040c4660f,0.6826117038726807
0d47aed37e8bffba543911a9f401f72c,-1.9919157028198242
0d77d7093a69d1add20ec63071ccd44d,1.7368998527526855
0d896949cee4fd969fcbed7d7cf7fef2,3.207719087600708
0daa362434cbe39c81e49d115f043429,1.1908023357391357
0db3be1d7112b5a6d08a7abb01eccc8a,0.8185534477233887
0dbd1a9c1f18e361880f4fa90695a608,-1.5033146142959595
0e0298bedd2fbab4d649e87cd267d5d5,1.2000296115875244
0e13958bb6a076509116942ae0f8cb0e,3.7575297355651855
0e17d6ec79ab96fab63930fff534b09f,2.870800495147705
0e181a87af53ceaa7911ba5eb007d447,5.145898818969727
0e29154d8989e83c6f5665c87b5596f6,0.2969834804534912
0e2deb06b25bb0de677a20cf78763f5c,1.4913122653961182
0e5e8511973566fd68a41d978e0185f0,4.278809070587158
0e6b131b7984b0b88d179394bae1f885,4.901007175445557
0e70493674fb13ea7c61c8f6c01d90c0,5.0115647315979
0e707575ccdc0bd35966f96e11c9d526,2.448542594909668
0e8a1bce0260260386ce305777981ce6,3.315117835998535
0e946d0f5c767028e2dcb4ef2490f6ed,-2.5638351440429688
0eaa30cf3192f81f4869d27f374b4a2e,1.4949102401733398
0eed1e142a4e7522d586216779711072,0.5189335346221924
0f0eefee1e301bba8a8f53baaddb3008,-0.27387118339538574
0f1f2d17cd1c91722f9630da3fba0aae,2.3869121074676514
0f3268873ed9aa6f983714200a34fd67,5.265787601470947
0f4176ab4f1e80307432d3a6551704b2,1.5191974639892578
0f4e0900e48d2e5d847c1b4302e9a4fd,-0.40662574768066406
0f511425ed6803e8cfc9aa8026a6f028,1.4045602083206177
0f62109fbea4e27ac5d6319f0ee6e533,5.486050128936768
0f6a0d1f742083a731423bc524c0cbea,-2.1951828002929688
0f6cbdfb2a9e0b7c0b837aea30188ceb,2.063018321990967
0f7a7b58f31277a280923f77aa5fca0e,0.9179122447967529
0f84efdcde525d972ce9fe3be55ca7b3,2.1516926288604736
0f8cb185ad881169697dfff1f16684ba,-2.7850098609924316
0f914bb14266a11e73c6510af71aa069,2.8048694133758545
0fa59ea7b1ea4594e6959b5ef6ecf228,-0.42769622802734375
0ffd034316c3666aa4d344a4ce0a59c6,0.0656120777130127
10126a855f785b21ab1e734023f56ba0,3.0755670070648193
103e0b30fdeec218a135361b5c9eff2e,-2.622544527053833
104b50532e23020370b098260cd7baf6,3.136162757873535
105817425b9ac9a5cb02aa380e8204ff,0.9593899250030518
107874b5ed943acab12ae36f7fd45fc8,1.1006178855895996
108b0c20d19a55c89d1fcf853da1ddfd,1.940824031829834
10c3cff9f51b05c2bd9b93f86a108847,4.054749011993408
10e0e6c29de736dfa4ef04166ad208d1,2.0453224182128906
10f6db5759e26cd0dd76e0b124498a4e,4.201606273651123
111f4bb3f5f07d6a99394cad47788b3a,-0.48839271068573
114f9c2ccbff1bcfe5d71bc2ae970743,4.961015701293945
1154bf014d219993d33367241627ffa5,4.1054863929748535
11573867d9f57858f8a9617fa9b2f0c6,1.5233529806137085
1163c099ca658c6c2fbba41a603d3aef,1.9622538089752197
116b3964567b770d9e49011ffcc1729a,0.023185133934020996
117b3b6dab252f0755abcf90693a9ab1,4.411435127258301
119c23e9c99b2e3ea3af53b14dd4c7ec,2.821101665496826
11a4ada47f7d998893249273137e555c,2.46284818649292
11a76a97e7cb249e58c9dcaf7d5fa5a5,-0.3392782211303711
11a77780a651819b3f157eb21a6e5bea,3.069845199584961
11b4dd9bddcf6247d492f0da429a5b61,0.7280957698822021
120ee62cc277cbaeaf950f1ff30be21a,3.002142906188965
12107d6aaf58bb19bd15d9cdee002817,-0.5368540287017822
1217352bdd377b754b7fbe9d03b51919,2.342578887939453
121c3aad60795d91018123b132fe4bf3,4.307377815246582
123488b98c6dee22dd17c8f127686b36,-0.07872247695922852
125ae31cd7ea4e55d13b5d5ba54aefc1,-1.6942272186279297
125b4043277af6b1973fcd5bbaf0f0df,-0.29482030868530273
12640a93fa97936f12149cb6bafc6270,3.707179069519043
126d14fb7b2a89ae9e9a99f6e7a394c6,-1.3419227600097656
126edac46de26e29897a9f3daa7d82ab,1.302135705947876
1276068ed268a32b1ab441ab900aaa2a,2.0719103813171387
1287a8445586e903541a019eddeb8487,0.45990538597106934
1292fa0f449885f0ce961d4ebb1579d9,0.4109222888946533
12a9e1ac94906e645c7887c1bb507d60,5.379714012145996
12bbe09cf7db6e4bf3b87b3e3a1403f1,1.7900307178497314
1302b095ca21acaadf146bf47534f62d,1.4422712326049805
133dc78fc07b986cc071a022c0f7885c,1.2700761556625366
1366f78239793d9e06b935cb48389b5f,2.656301975250244
136e1714f46ce75f1a4dc439c6781bf3,3.286388397216797
1374b420bee5bbd6ce0aaf7abeaf37e4,-0.8912906646728516
139730d586c5c12051a295b24e75ecbe,0.5463089942932129
1398734d0dd8aec4dad8d1d89c583d66,2.852324962615967
13b8b5ee521ccc0830af503d77ac2aa7,-0.513679027557373
13c128f1b11c22536a87ce68033eabe7,2.25991153717041
13d8a32d02acbe0410c19721a132482e,1.0019042491912842
13e5f9f333a12e965a5a06642c5e546a,-0.7393089532852173
1400fa24b00ca03d0d459ee919e34b0c,0.04018831253051758
1403f4d790f44c198a0f3efd79345bac,2.0647284984588623
141aed3dbba889d250dca99434178989,0.03369402885437012
142078ed6150d534d26d97b98380282e,0.1626744270324707
1436d4f7e472ec4eaf4b4e2c0e0e9532,-0.162156343460083
1436eb9c39812d8547e9f0b7ec76700e,2.3776495456695557
143d2afce56bd5432234c0b49bdd96bb,1.7627204656600952
14561f888d829771e87a364cc9acf651,3.3318123817443848
147192507f9921a31dd5ecf368e3fee9,1.0023186206817627
1472b5b716e74c9f5a389e9354d5ca48,-1.1718796491622925
14773da54575eff0672b7141e2e535e5,1.8231550455093384
14827a6ca82b1baa9616a7b4134ac188,2.674689531326294
14a51303ca9043ff99ae400ab3993a4e,2.2689945697784424
15279ae31bf756886fe58f34b84ab3c3,2.5422418117523193
1568a632287174e41cdb369e669ea147,3.328160047531128
1579e9dfc5b941c3b84d11d0056b30d1,-0.7981860637664795
00183ef8288a1fa478fa36819d70f35b,3.030855417251587
003bf5c7f56a6f9502e551f5607ddfe0,0.2445688247680664
0045b1c2826bcf294c2dac1188fd7d6b,0.9347717761993408
0053d3f73a11f05427169d0d9cd9f847,-3.181094169616699
00616f727f9f90dde8cd1ae8e5414cac,-0.5161572694778442
006e63b5a820c0efe958479d60b7ef83,0.13508057594299316
007291869a380fd4874a529f65385d84,1.2064669132232666
007897e8a7800617cffb4912d4a07dc7,-2.570401430130005
007a5319a8348a47d2f6ccf841478257,1.055336594581604
007d7a4c010388bae1d3e18a43ef4ea4,-3.0066704750061035
008d0b8743d1961396fb41f2d6aac97e,2.641542911529541
008d84bb317d3f6386452ed0373ea05a,-2.4253876209259033
00b58be44b4f97f26b17c0f974c33a5c,-0.7529529333114624
00b89afd7dffc1ab0f057d64639c0fbe,0.6182277202606201
00e549d66e049bddc6f272bf4231656e,1.4618635177612305
00f1934a1d0f24aa45f7cc3cf96c7003,0.4447166919708252
00f9706c9c69712bc1a4aff49004a4e6,0.3942582607269287
01067e41923b59405f3694361db4c5fe,-2.2612950801849365
010f2a75655e4d4e988ac059344aa32f,-1.0626674890518188
010fa08c779ab38fb095ea5bb35c13bc,-1.7918235063552856
0111a440693ee5dc0a59127d12dafae2,1.2726404666900635
0116ae423d509bdc55543f24b26a26b3,0.09401392936706543
012fcc038313b05ed10848910bdf9916,-4.129988193511963
0138d22805ce590a66119b9b81da6f58,1.246045470237732
013d17cf297c8184745b06813fb398cb,1.7757624387741089
014ad30e978bfb2cef44b11d28aad1ed,2.635607957839966
015ebffa8eda88c3621d93b08c125a4b,1.465260624885559
0165cafb503a6aa2f0c4327740caed1e,2.3007631301879883
016c428a6eb1f7f139281c753751b722,2.323495388031006
019784c50f194620c4a3ad860e0db9bf,-0.373807430267334
019b4ccc64f17746d068ab174c6ddc02,0.07675981521606445
01c3cdc2af44354a4f87b5c051ad62a8,-3.610830307006836
01de3bc73e22767959c229846714a57e,0.8093428611755371
01e6637b0c3f09dbb7a66f14c3f3d8f2,-2.4279708862304688
02094061f902ce025ffb276ee6450b24,-0.029920578002929688
021718452a94707562abbb8254915162,3.340642213821411
021a5cc96b7a420b1af89042040247bc,-1.5631093978881836
022077ad2fcf61c1eedc7aaaf6e50e7e,3.8135619163513184
022e2b63470feb28968e6df5138af618,-0.6549992561340332
024e88c02bb5f11d3473cf33c9c7c383,2.8436293601989746
0283affe787a5905d2b7fd2b169f003a,-0.9915512800216675
0298598ec59559c514e44723028c453c,0.46519947052001953
029b53171fcef496aae55b085f616ef9,-4.326784133911133
02a91761097df1a45c98c1fb6476a8e9,1.7041828632354736
02b5ca2f8331b7dc3615f78ae0031bf6,-2.9624485969543457
02beb0d7c46e9a33da1c15fdf16c8d3c,1.7599061727523804
02d235d0e7f87812129ad2eefde2f0c2,-2.6694958209991455
02e291436d847f33f440100cf90ac4d3,2.8983592987060547
030c951f50fbad8fccb29eeddf27f35c,2.462449073791504
0310791c142ce7dfcd51de2be86dea57,1.416858196258545
0325415dc71b9e2d0adc0ae6a33f348d,3.3064818382263184
0344b6201227a11ee29cb270e051ed9c,-0.5188214778900146
0349df1bba99ab858d7e530eac9ec1e6,0.07873678207397461
03865e35489daf771186a17b24a5a9c1,1.6379084587097168
03bac602a3b8cf3027fcce63cb62a381,-4.6083269119262695
03cba12eadbd64756d482df5d89f6ca5,0.3795127868652344
03d2344076d21d5b959b2dbbefc17e8c,0.08901143074035645
03fb10fdfc62247dad4c5e23f8acd23b,2.505833864212036
04005dc6573d5800cf65ce4975ed09b5,0.47123003005981445
04124dc732022931da88172a9e4de4e8,4.4634013175964355
043f3c98b1a28e733700596b71e3dba2,5.034534454345703
04495690f564dcec104b21ac611ccdeb,0.10646915435791016
044a034396ef702571636620c7a4ff33,0.7634460926055908
04512bb94edc791dd055a19e2a5c37db,-1.5005131959915161
0457e6da74d2cc8618ec87a808fc018a,0.38429057598114014
045ef44eb4dea5ab54b71eac869a43d5,-2.2638893127441406
04d8753ebcdf07425158388ed1f951d2,0.9472025632858276
04d8fd98168123f6a172523661abb589,-3.909477949142456
04e5bcafdc05907a03fda46f5e690303,1.4078006744384766
050df701f0d741411bd9443378875bbc,1.6329740285873413
0514bbc8ab13a4dd55ad0b93acac6962,-1.210805892944336
05272790ea19332cb061cfcc41b289af,-0.6967196464538574
05342fe20fe4ecc03fc6efa4aa6dbc43,-2.5573740005493164
053958a77fa8daafb180955721cd0d7e,-0.658301591873169
05412808e64e275d39223c92fa183904,0.9709169864654541
054a238c73dc1ccd8d285b39958b6738,-3.517533779144287
054fb55dd37f4e13998f5f44e6413337,0.5754401683807373
055db6e5e43b2a1eb2dff9d8ea143c25,0.602529764175415
056eeab9ab05ef87ca18396ba1b7dbb5,-0.8688549995422363
058b9d73b688ccc213f5fc5694e623fe,2.800713300704956
05b0ed11f38b96c39195f29dcb030d04,1.4082369804382324
05e1e3a88520d68387361ea821f96313,0.4876399040222168
06091a6bf4c9f364a5ab89193e80635e,-1.5135565996170044
061aeeb40e08780f5cd824f146043bef,-1.3524757623672485
061cf32f22c1aa8a507b81ce6d067bc7,-2.1179022789001465
0647e586cc3fce4382ddbeaf8d12cd5e,-2.2666146755218506
0659e012b5545879999a7e506c4078d1,-1.436115026473999
066ccd77ec59c64ddb62e6e9797bc626,-1.8900529146194458
06748a0f984d8ba643485ac7c2729de9,-1.5474357604980469
06791572c7dfbfadec378717a106759d,-0.4691274166107178
067d7c1290f1d3807f3f210a1bd25619,1.6773533821105957
0690cfd8fd897332b84713300e521e52,4.352268695831299
0693ca95a9afa818e7b829da03b29966,0.4873654842376709
06a1ffa52a7055997c703c205b871d30,-0.8060518503189087
06cc8ca5ed81d67cb2084de0d6d90113,-0.5793976783752441
06dbf6772aafc552d7fbaccb421965e8,3.5735459327697754
06e8fec01658f55c1facd8124cf0ff2f,5.192596435546875
0704673999ccbf103ad71baaf733fa77,-1.4080841541290283
071e0bc831f5e9ca1d1e0151e3171d57,-1.358888030052185
0726bb58084021e9d6cc3c06ce725982,3.450277328491211
073caa4fc8bc8c790a27577c69033858,1.9253454208374023
0747ef1ee76f1d183e7d16a64a26b505,1.5191752910614014
074ba87f16d003569aa5ce24d961ea63,-2.56956148147583
0751b7c932b7b42ad164c351f00b6a4e,1.7195008993148804
0757257006f0f926ef8963d46d428094,0.9594533443450928
0757ebbb1bdf3e9ca995268f08939d6f,0.9799563884735107
0761337399096a0f49429ca6e7880a53,0.877083420753479
0762b008d7f0005cbebcd848b73a4d99,0.07763910293579102
0785fcc6ce9cbc807f93afae3f707711,3.476789712905884
078757e837979b963c2b219695674526,-4.654141902923584
07a2c6c45a9c2a53a3d393ccd8ca8a62,1.6788244247436523
07b1cf547439b87063e3e85d551ed7ea,2.7668540477752686
07cf1fa1581afbd5d9860888be2e9807,2.6709909439086914
07f1c9638f449237877ee9d943c8c55a,0.3729550838470459
0803dcaee884d0d0226ee1adb899d1ad,-1.2083840370178223
080702ed25cd2b92bc41a76aa5af9528,4.285713195800781
080e92b27b7b65f112dda29f6ad3c9b4,1.4515022039413452
08119d82c3dc865bd40596f77f6bf38e,-1.2748771905899048
081d20f358986c6bdd33f249bcfd3750,-1.1799975633621216
081f33c568788940fa1016c18906d6ea,2.2217307090759277
087b78e1e1986de52d250593e9d9e863,-0.1658916473388672
089661db186f3956b867b1987336ba9b,1.3901584148406982
089aa14bdcf8865b6312b4782c566eee,2.055053949356079
08a6e5ba8a550019120f2d4fa93d49f4,-4.733954906463623
08adff3de52249b29f117497ab181dcb,-0.8455920219421387
08b295ff8e09afa3455542896498144e,-1.6417485475540161
08b6cd1f4871b4675f8ce2071264cb31,-0.6241538524627686
08bd076639fe417a7264af1474526a4a,1.4608612060546875
08c48f5f7d5c47996cb2716e21c921db,-2.548492193222046
08f6c21036f62d7aa815f8ef68000dad,0.9934650659561157
09087a2efbb98e3cd7a6fb5a8c84fc10,1.337330937385559
0920dd7bb5361fc3565e27b250dd989a,5.720912456512451
095c444b24c31284036f9b8ba3a2c42d,2.0445141792297363
0988e7b8b4ae8f2423f3dfa86b765eee,-1.547737717628479
09991f2eb34375abd846b13b8615aaa5,-1.4153757095336914
09cc352ba908b9a9ba22c2b54f578204,2.4135477542877197
09dd675ca9f978ca451955ceffb9d357,-0.9619152545928955
09ec1ddf2ae6487d2bc81cf539bb0b9e,0.9882667064666748
0a0151e3bccc5f42f33e8ab9a32d315a,3.9247753620147705
0a2455b6f889c8053886da60028bdab3,0.9653304815292358
0a34165b8fec001e53b47e43568d04f3,-2.3512778282165527
0a7413cf0ffc357ef7590b36006bc478,-5.0038862228393555
0a7c852ec0923041d8be1070e04f5059,0.36184072494506836
0a913306d45bbc32964f75a07ce6e0ec,0.035512566566467285
0addf0dc40c8c6927e6c7c3b032c6caa,-0.46061253547668457
0ae7f1aeb0d0f2feb5b08ca35f0594b9,-2.4282989501953125
0aee9ca1664e7597b929a6bccd8325b3,-0.040106773376464844
0af21f53cae31fe9d10f0e63136fa375,2.4383480548858643
0b18791bb2a3415ef06ff7b47f71cb4e,-1.3397444486618042
0b33a50fa716b37dec4c5ecfd16545ea,-3.714022159576416
0b364df5910880f8a12e218d21380f7e,0.9572751522064209
0b3bd0844df74cb794aa9ec556f697a2,-0.3763936758041382
0b4357d5e661eeaf95e38cc7f71c9158,0.8111861944198608
0b559e01452173d8b44a14700a60245f,1.078357458114624
0b580d92448ca5636ca68a95bfeb520b,-2.2359282970428467
0b910e1d41f1974f1d74e5c34a1bc04e,-2.396509885787964
0bde9a32cba3c7106969b0c2646d6c7f,0.3833458423614502
0be365050c32bb13edc5d54e4c46249d,1.6228203773498535
0c386ca0867d7273f6ed5b669af1306a,2.7105464935302734
0c46fa076699cf5ba0fb7b89e83ac736,2.02001690864563
0c6ee8d652c067a5735999c0d7012333,1.2132155895233154
0c73ae2a54fc930fc75e5bb149cb7f62,0.3380305767059326
0c74af91de7af78964c12c7cd547e51a,5.525282859802246
0c8b3f3599dcdd1bc409ff7096ef86f1,-2.038482427597046
0c9bb38ee9844fa25554b1a98e029113,0.931991696357727
0cae2aafbff3be8fbcf30c5a532bbb25,-2.1473114490509033
0cae619c61b753ab158649e737720208,6.182807922363281
0ccc278c01cc9158f3ed6418b57e5ca6,-4.684950828552246
0cd20e0059b641a261699da4cea57968,-0.4322323799133301
0ce82be1ed8ded23fe3a21843c5b2882,0.46148204803466797
0cfeb834ab2f2bff0684bdcff36e2d9c,-1.2817325592041016
0d0710fce87bfe2063cf2e236508e40c,0.35895633697509766
0d5f234578b9d8a72ffdeb4707ddf876,1.5579642057418823
0d6fd0e2b9e803e9f240fa8214788517,-5.553171157836914
0d78d83b0529e8118955eea88a4e1d2a,-3.4759182929992676
0dda0c5788f07bdee9d4cfcd301993c0,2.0535082817077637
0dde1a9f14d8066d1ece4a5844d0b7ad,-1.4719995260238647
0dffddc752860ba9e54ea9433fbad588,0.7102636098861694
0e1af83a667bfb5656382e61708a9256,-1.953617811203003
0e1e24bbac3bd1f88c76f563c507ba59,-0.9410394430160522
0e8156114bb99116e2a57f1f67a77ee5,2.486966609954834
0e88faf7b82cafee4c4f9d8b09848553,0.2817881107330322
0eb9cfdadec22b461fc9a6a9a451ef52,-1.9210128784179688
0ed79418cb5343dbaf7b44d9b93fdc32,-3.012805700302124
0f00f14eef52d497b617ff246a9f3138,-0.4550015926361084
0f121eff991e10555a0d217c665ce32a,-0.05240607261657715
0f14b608793d7a4c7e70fcabd0d158a8,3.443422555923462
0f184d92f044b25000aea332b69b0a37,-0.1147003173828125
0f19338c54a50a9282dd75778137b883,2.3271913528442383
0f3788f95bbb5bdd488172f07345a93f,-4.4226226806640625
0f3a6a8dc3139705406da1ff3c18e854,-1.8008779287338257
0f53f7fe00251b6dce7b37b99be90f93,2.004725217819214
0fa12282006201035f00f6adc3f05b79,0.049314022064208984
0feab3d5d4bd9df3ca9d64c53210e81f,1.599694013595581
100ebbdb2943a9cfea86d1a8cd642a57,0.8347702026367188
101dd0f7d2563b3f7f88f8e745e2e35a,0.40419626235961914
104096f8da7ace5eba87f37124958c82,1.875418782234192
10429b03eba0f1bc53d00a318f310a35,2.243098735809326
1079adcf60e5898693bbb1939ff64a02,-1.18672513961792
1084d69b8ddf9b26057fe14433167b03,-2.4251394271850586
10a680f69ccc76fb561a07b0d751f1d5,2.2205517292022705
10b61cde1d91bd952572796221212376,0.21190214157104492
10ce6923731642bf13ed125492b19abf,-0.2167186737060547
10f6f4760f46f626b1ac6074e80ea9de,1.9563814401626587
10fff71b271561faa6462e16f499bf1d,5.008530139923096
11086cd362f7cc5a13ffcb6b222ebfac,0.9253628253936768
11102620c579a1d5c3be79107dd3c8a1,-1.1221563816070557
113930b860816b1fa2216fe48cf92a03,-1.3762613534927368
115d4b3bc91004b760163955fefd8917,0.9592227935791016
11a5b3e0ad371dbcbfbc551231932f5b,0.7419323921203613
11bf6a3559d646495ccf76edd1da14a3,-0.8658773899078369
11c6e1ed068648ae3c5e6ac022176827,-1.0374962091445923
11e3e13f54202c0ce66358d837a80365,1.0518295764923096
11ee95a8a1f320841d1f11e0c5dc6d26,-0.7800707817077637
11f3f842b95e01db69b4cac3152ae60a,1.8774155378341675
11f8cedfe09561c18b88229533309c92,2.527010917663574
12132c12573e02a20455ce19047d5075,1.3249130249023438
122479c437a5b37363c8f794a96ed1ca,-1.2051459550857544
12410ddd203b7478ba5f954504c5670c,0.23132634162902832
1258eccc5431635e87dc07da3fcbc4d2,-4.8395562171936035
12609399166abbb3d40ad0e911a2e0ec,1.9020143747329712
127f4a597d781025bf0b61b21435b8e1,-0.2580149173736572
12a6cc32bd424870da69ddd4bf481256,-2.2500810623168945
12b516bbea9f256f5fb91ab896cecf9b,-0.7352895736694336
12b8e3e9d99f3af88d7b0ffe7ca7b15b,1.5347037315368652
12c4c1965841eb3b7331a599783c6d10,3.098932981491089
12ce77138fee938eaecd1625651cfea0,1.0152710676193237
12e7b3fb80f654ebf8f4883d4b353da1,0.13387393951416016
1300d7efbaa284a8744b4ef638bc1b49,-0.2544698715209961
1327109dc7da03fa511ad265ae4e5520,0.22941040992736816
1340ba68f5bc61dcc5e9ac45c1c7d74f,1.3203811645507812
136a775e7201e7c18c427c433d499905,0.8568742275238037
1370bc7b09d8aba5217474b7bc493890,1.1988165378570557
13a18001f6b68ff2837761c1df13820b,2.66540265083313
13ae06f3c663e0cf79b710fdbaeaa911,3.13071870803833
13b0abbabe08db81c549b580348ce0fa,-0.39052391052246094
13c0392095ecee440a25dc01b039d208,-1.5994369983673096
13c0c8b6e4a2d1da2401195f9ed45a75,-1.9680821895599365
13c5a29155a92186a86a8b57b3ea6c39,2.950631856918335
142190630342dd460da55542876d736f,3.311305522918701
14230bcd7c4954a30f585f1f1042db97,-1.5936379432678223
14281856f787e429fadb5c9655ccf5de,3.6207332611083984
143da72e0a02b101905619bbd6900385,-2.66595458984375
147fd1cfdab2dd236290d3947ebd88b1,-1.8068681955337524
148ef08f1fdbc8218f1b57cee970fe61,-2.661064624786377
14a76a631f18a9347b29f6318302fbaa,-0.6080608367919922
14aa47ecc742b0955a4aaa2269988296,-1.823583722114563
14db758bb1f1c3ecf96808531f098bee,0.8893176317214966
14e1342d97d312dcc9bf86ee1fe5ed8d,0.12044215202331543
14ee96e43e8d548eeee8f92e8fe9d1e9,2.0191445350646973
